system,split,p-pos,r-pos,f-pos,p-neg,r-neg,f-neg,p-neu,r-neu,f-neu,p-macro,r-macro,f-macro
baseline,train,0.9782792070856179,0.9774546986936368,0.977866779089376,0.9951203643461288,0.989967637540453,0.9925373134328358,0.981270243627658,0.9840418020053665,0.9826540685375829,0.984889938353135,0.983821379413152,0.9843527203532648
baseline,dev,0.5424,0.5498783454987834,0.5461135722915827,0.4868238557558946,0.44543147208121825,0.46520874751491054,0.5574516496018203,0.5737704918032787,0.5654933641084824,0.5288918351192383,0.5230267697944267,0.5256052279716585
baseline,test,
improved,train,0.7566751799396332,0.6866835229667088,0.7199823263006737,0.7604428787116255,0.4889967637540453,0.5952334055544614,0.6832154042454471,0.832038423506145,0.7503184713375796,0.7334444876322351,0.6692395700756331,0.6885114010642382
improved,dev,0.6925858951175407,0.6212489862124899,0.6549807610089782,0.6618556701030928,0.4073604060913706,0.5043205027494109,0.6117867165575304,0.765807962529274,0.6801872074882995,0.655409427259388,0.5981391182777115,0.6131628237488962
improved,test,