system,split,p-pos,r-pos,f-pos,p-neg,r-neg,f-neg,p-neu,r-neu,f-neu,p-macro,r-macro,f-macro
baseline,train,0.9785282468209298,0.9773058505100979,0.9779166666666668,0.9935296020705273,0.9912846998063266,0.9924058814024883,0.9812206572769953,0.9830387685290763,0.9821288714845141,0.9844261687228174,0.9838764396151669,0.9841504731845564
baseline,dev,0.5320877335499594,0.5569727891156463,0.5442459493144994,0.4634794156706507,0.44743589743589746,0.4553163731245923,0.5822349570200573,0.5730400451212634,0.5776009096077317,0.5259340354135559,0.5258162438909357,0.5257210773489411
baseline,test,
improved,train,0.9931264319933347,0.9931264319933347,0.9931264319933347,0.9938808373590983,0.9964481756538586,0.9951628506933247,0.9954324864401941,0.9942971200456231,0.994864479315264,0.994146585264209,0.9946239092309388,0.9943845873339745
improved,dev,0.37377341659232827,0.3562925170068027,0.3648236830648672,0.2977346278317152,0.35384615384615387,0.3233743409490334,0.5276621058893516,0.5002820078962211,0.5136074116965837,0.3997233834377984,0.40347355958305925,0.4006018119034948
improved,test,