system,split,p-pos,r-pos,f-pos,p-neg,r-neg,f-neg,p-neu,r-neu,f-neu,p-macro,r-macro,f-macro
baseline,train,0.9735030252451492,0.9812828601472134,0.977377461248429,0.996474358974359,0.99488,0.9956765412329863,0.9851513420902341,0.9805314764814551,0.9828359803432803,0.9850429087699141,0.9855647788762228,0.9852966609415653
baseline,dev,0.5412772585669782,0.5678104575163399,0.5542264752791067,0.45755395683453237,0.42231075697211157,0.43922651933701656,0.5771428571428572,0.5764840182648402,0.5768132495716732,0.5253246908481226,0.5222017442510972,0.5234220813959322
baseline,test,0.5172626387176326,0.5612040133779265,0.5383381456528714,0.4822771213748657,0.46288659793814435,0.47238295633876914,0.568515884305358,0.5457441966317707,0.5568973525313516,0.5226852147992854,0.5232782693159471,0.5225394848409974
improved,train,0.7567878508973769,0.6916929547844375,0.7227777167344248,0.7687559354226021,0.51808,0.6190021028484038,0.6906534325889164,0.8308457711442786,0.7542908762420957,0.7387324063029652,0.6802062419762387,0.6986902319416414
improved,dev,0.6934579439252336,0.6062091503267973,0.6469049694856147,0.6198704103671706,0.38114209827357237,0.47203947368421045,0.6206739526411658,0.7779680365296804,0.6904761904761905,0.6446674356445233,0.5884397617100167,0.6031402112153386
improved,test,0.6926605504587156,0.606425702811245,0.6466809421841542,0.6163522012578616,0.4041237113402062,0.48816936488169366,0.6190651453809348,0.7655894401456531,0.6845746845746845,0.6426926323658373,0.5920462847657014,0.6064749972135107